{
  "viewport": {
    "width": 1920,
    "height": 1080
  },
  "scroll": {
    "width": 1920,
    "height": 1080
  },
  "shell": {
    "x": 26.59375,
    "y": 64.984375,
    "width": 1866.8125,
    "height": 988.421875,
    "right": 1893.40625,
    "bottom": 1053.40625
  },
  "stage": {
    "x": 26.59375,
    "y": 64.984375,
    "width": 1866.8125,
    "height": 533.109375,
    "right": 1893.40625,
    "bottom": 598.09375
  },
  "party": {
    "x": 26.59375,
    "y": 604.484375,
    "width": 1866.8125,
    "height": 70.96875,
    "right": 1893.40625,
    "bottom": 675.453125
  },
  "message": {
    "x": 26.59375,
    "y": 681.84375,
    "width": 1866.8125,
    "height": 120,
    "right": 1893.40625,
    "bottom": 801.84375
  },
  "command": {
    "x": 26.59375,
    "y": 1006.625,
    "width": 1866.8125,
    "height": 46.78125,
    "right": 1893.40625,
    "bottom": 1053.40625
  },
  "dock": null,
  "enemy": {
    "x": 896,
    "y": 507.5062561035156,
    "width": 128,
    "height": 25.937469482421875,
    "right": 1024,
    "bottom": 533.4437255859375
  }
}